{
  "project_info": {
    "project_number": "659410398652",
    "firebase_url": "https://gymbuddy-52e55.firebaseio.com",
    "project_id": "gymbuddy-52e55",
    "storage_bucket": "gymbuddy-52e55.appspot.com"
  },
  "client": [
    {
      "client_info": {
        "mobilesdk_app_id": "1:659410398652:android:5944b735284f456c71cfb9",
        "android_client_info": {
          "package_name": "com.example.gymbuddy"
        }
      },
      "oauth_client": [
        {
          "client_id": "659410398652-93885n654oigki8sk0akbj0cm1njqffm.apps.googleusercontent.com",
          "client_type": 1,
          "android_info": {
            "package_name": "com.example.gymbuddy",
            "certificate_hash": "8e5601acb60c8e2c4afe1fdbbe53be8cfe4085af"
          }
        },
        {
          "client_id": "659410398652-q277mrg48vfrh58mvvs405bhshc7fevk.apps.googleusercontent.com",
          "client_type": 3
        }
      ],
      "api_key": [
        {
          "current_key": "AIzaSyBJei_qlaWjz6NGcAc718dNyzUfudkoJyw"
        }
      ],
      "services": {
        "appinvite_service": {
          "other_platform_oauth_client": [
            {
              "client_id": "659410398652-q277mrg48vfrh58mvvs405bhshc7fevk.apps.googleusercontent.com",
              "client_type": 3
            }
          ]
        }
      }
    }
  ],
  "configuration_version": "1"
}