{
  "project_info": {
    "project_number": "1008549255798",
    "firebase_url": "https://gymbuddy-messaging.firebaseio.com",
    "project_id": "gymbuddy-messaging",
    "storage_bucket": "gymbuddy-messaging.appspot.com"
  },
  "client": [
    {
      "client_info": {
        "mobilesdk_app_id": "1:1008549255798:android:503a81ae14308191ffdd57",
        "android_client_info": {
          "package_name": "com.example.gymbuddymessaging"
        }
      },
      "oauth_client": [
        {
          "client_id": "1008549255798-a6lk1ffpglevjahdultrki002ee0fohm.apps.googleusercontent.com",
          "client_type": 1,
          "android_info": {
            "package_name": "com.example.gymbuddymessaging",
            "certificate_hash": "1b525a8d439f26058ac61ca7f2df0c940f1ff4e4"
          }
        },
        {
          "client_id": "1008549255798-2eh8f1u2bk8h6pec2jfuhbttomtft1mv.apps.googleusercontent.com",
          "client_type": 3
        }
      ],
      "api_key": [
        {
          "current_key": "AIzaSyB7awplzjearfayZrRjBENl19xsMc6zxmQ"
        }
      ],
      "services": {
        "appinvite_service": {
          "other_platform_oauth_client": [
            {
              "client_id": "1008549255798-2eh8f1u2bk8h6pec2jfuhbttomtft1mv.apps.googleusercontent.com",
              "client_type": 3
            }
          ]
        }
      }
    }
  ],
  "configuration_version": "1"
}